numero_echeance;date_echeance;interet;equipement;assurance;tracking;immatriculation;capital;loyer_ht;taxes;loyer_ttc;capital_restant_du
1;01/05/2026;29447979.57;460000000.00;34862506.90;7960000.00;2000000.00;504822506.90;534270486.47;5300636.32;539571122.79;2019290027.60
2;01/06/2026;23558383.66;70209106.04;5321011.83;1214922.79;305256.98;77050297.65;100608681.30;4240509.06;104849190.36;1942239729.95
3;01/07/2026;22659463.52;71028212.28;5383090.31;1229096.89;308818.31;77949217.79;100608681.30;4078703.43;104687384.74;1864290512.17
4;01/08/2026;21750055.98;71856874.75;5445893.03;1243436.35;312421.19;78858625.33;100608681.30;3915010.08;104523691.38;1785431886.84
5;01/09/2026;20830038.68;72695204.96;5509428.44;1257943.11;316066.11;79778642.62;100608681.30;3749406.96;104358088.27;1705653244.22
6;01/10/2026;19899287.85;73543315.68;5573705.11;1272619.11;319753.55;80709393.45;100608681.30;3581871.81;104190553.12;1624943850.76
7;01/11/2026;18957678.26;74401321.03;5638731.67;1287466.34;323484.00;81651003.04;100608681.30;3412382.09;104021063.39;1543292847.72
8;01/12/2026;18005083.22;75269336.44;5704516.87;1302486.78;327257.98;82603598.08;100608681.30;3240914.98;103849596.28;1460689249.64
9;01/01/2027;17041374.58;76147478.70;5771069.57;1317682.46;331075.99;83567306.72;100608681.30;3067447.42;103676128.73;1377121942.91
10;01/02/2027;16066422.67;77035865.95;5838398.71;1333055.42;334938.55;84542258.64;100608681.30;2891956.08;103500637.38;1292579684.28
11;01/03/2027;15080096.32;77934617.72;5906513.37;1348607.73;338846.16;85528584.99;100608681.30;2714417.34;103323098.64;1207051099.29
12;01/04/2027;14082262.83;78843854.93;5975422.69;1364341.49;342799.37;86526418.48;100608681.30;2534807.31;103143488.61;1120524680.81
13;01/05/2027;13072787.94;79763699.90;6045135.95;1380258.81;346798.70;87535893.36;100608681.30;2353101.83;102961783.13;1032988787.45
14;01/06/2027;12051535.85;80694276.40;6115662.54;1396361.83;350844.68;88557145.45;100608681.30;2169276.45;102777957.76;944431642.01
15;01/07/2027;11018369.16;81635709.63;6187011.94;1412652.71;354937.87;89590312.15;100608681.30;1983306.45;102591987.75;854841329.86
16;01/08/2027;9973148.85;82588126.24;6259193.74;1429133.66;359078.81;90635532.45;100608681.30;1795166.79;102403848.10;764205797.41
17;01/09/2027;8915734.30;83551654.38;6332217.67;1445806.89;363268.06;91692947.00;100608681.30;1604832.17;102213513.48;672512850.41
18;01/10/2027;7845983.25;84526423.68;6406093.54;1462674.64;367506.19;92762698.05;100608681.30;1412276.99;102020958.29;579750152.36
19;01/11/2027;6763751.78;85512565.29;6480831.30;1479739.17;371793.76;93844929.53;100608681.30;1217475.32;101826156.62;485905222.83
20;01/12/2027;5668894.27;86510211.89;6556441.00;1497002.80;376131.36;94939787.04;100608681.30;1020400.97;101629082.27;390965435.80
21;01/01/2028;4561263.42;87519497.69;6632932.81;1514467.83;380519.56;96047417.89;100608681.30;821027.42;101429708.72;294918017.91
22;01/02/2028;3440710.21;88540558.50;6710317.03;1532136.62;384958.95;97167971.09;100608681.30;619327.84;101228009.14;197750046.82
23;01/03/2028;2307083.88;89573531.68;6788604.06;1550011.55;389450.14;98301597.42;100608681.30;415275.10;101023956.40;99448449.39
24;01/04/2028;1160231.91;90618556.22;6867804.44;1568095.02;393993.72;99448449.39;100608681.30;208841.74;100817523.05;0.00
VR;;46000000.00;0.00;0.00;0.00;0.00;0.00;0.00;8280000.00;54280000.00;
